<ImportExportXml version="9.2.22112.192" SolutionPackageVersion="9.2" languagecode="3082" generatedBy="CrmLive" xmlns:xsi="http://www.w3.org/2001/XMLSchema-instance">
  <SolutionManifest>
    <UniqueName>Hr_Contant_MD_App</UniqueName>
    <LocalizedNames>
      <LocalizedName description="Hr_Contant_MD_App" languagecode="3082" />
    </LocalizedNames>
    <Descriptions>
      <Description description="Hr model driven app developed as a PoC by Manuel Portero Leiva" languagecode="3082" />
    </Descriptions>
    <Version>1.0.0.3</Version>
    <Managed>0</Managed>
    <Publisher>
      <UniqueName>ManuelPortero</UniqueName>
      <LocalizedNames>
        <LocalizedName description="ManuelPortero" languagecode="3082" />
      </LocalizedNames>
      <Descriptions>
        <Description description="Model Driven App developed by Manuel Portero Leiva" languagecode="3082" />
      </Descriptions>
      <EMailAddress xsi:nil="true"></EMailAddress>
      <SupportingWebsiteUrl xsi:nil="true"></SupportingWebsiteUrl>
      <CustomizationPrefix>mpl</CustomizationPrefix>
      <CustomizationOptionValuePrefix>86553</CustomizationOptionValuePrefix>
      <Addresses>
        <Address>
          <AddressNumber>1</AddressNumber>
          <AddressTypeCode>1</AddressTypeCode>
          <City xsi:nil="true"></City>
          <County xsi:nil="true"></County>
          <Country xsi:nil="true"></Country>
          <Fax xsi:nil="true"></Fax>
          <FreightTermsCode xsi:nil="true"></FreightTermsCode>
          <ImportSequenceNumber xsi:nil="true"></ImportSequenceNumber>
          <Latitude xsi:nil="true"></Latitude>
          <Line1 xsi:nil="true"></Line1>
          <Line2 xsi:nil="true"></Line2>
          <Line3 xsi:nil="true"></Line3>
          <Longitude xsi:nil="true"></Longitude>
          <Name xsi:nil="true"></Name>
          <PostalCode xsi:nil="true"></PostalCode>
          <PostOfficeBox xsi:nil="true"></PostOfficeBox>
          <PrimaryContactName xsi:nil="true"></PrimaryContactName>
          <ShippingMethodCode>1</ShippingMethodCode>
          <StateOrProvince xsi:nil="true"></StateOrProvince>
          <Telephone1 xsi:nil="true"></Telephone1>
          <Telephone2 xsi:nil="true"></Telephone2>
          <Telephone3 xsi:nil="true"></Telephone3>
          <TimeZoneRuleVersionNumber xsi:nil="true"></TimeZoneRuleVersionNumber>
          <UPSZone xsi:nil="true"></UPSZone>
          <UTCOffset xsi:nil="true"></UTCOffset>
          <UTCConversionTimeZoneCode xsi:nil="true"></UTCConversionTimeZoneCode>
        </Address>
        <Address>
          <AddressNumber>2</AddressNumber>
          <AddressTypeCode>1</AddressTypeCode>
          <City xsi:nil="true"></City>
          <County xsi:nil="true"></County>
          <Country xsi:nil="true"></Country>
          <Fax xsi:nil="true"></Fax>
          <FreightTermsCode xsi:nil="true"></FreightTermsCode>
          <ImportSequenceNumber xsi:nil="true"></ImportSequenceNumber>
          <Latitude xsi:nil="true"></Latitude>
          <Line1 xsi:nil="true"></Line1>
          <Line2 xsi:nil="true"></Line2>
          <Line3 xsi:nil="true"></Line3>
          <Longitude xsi:nil="true"></Longitude>
          <Name xsi:nil="true"></Name>
          <PostalCode xsi:nil="true"></PostalCode>
          <PostOfficeBox xsi:nil="true"></PostOfficeBox>
          <PrimaryContactName xsi:nil="true"></PrimaryContactName>
          <ShippingMethodCode>1</ShippingMethodCode>
          <StateOrProvince xsi:nil="true"></StateOrProvince>
          <Telephone1 xsi:nil="true"></Telephone1>
          <Telephone2 xsi:nil="true"></Telephone2>
          <Telephone3 xsi:nil="true"></Telephone3>
          <TimeZoneRuleVersionNumber xsi:nil="true"></TimeZoneRuleVersionNumber>
          <UPSZone xsi:nil="true"></UPSZone>
          <UTCOffset xsi:nil="true"></UTCOffset>
          <UTCConversionTimeZoneCode xsi:nil="true"></UTCConversionTimeZoneCode>
        </Address>
      </Addresses>
    </Publisher>
    <RootComponents>
      <RootComponent type="1" schemaName="contact" behavior="0" />
      <RootComponent type="1" schemaName="mpl_asset" behavior="0" />
      <RootComponent type="1" schemaName="mpl_assetallocation" behavior="0" />
      <RootComponent type="1" schemaName="mpl_assetallocationprocess" behavior="0" />
      <RootComponent type="1" schemaName="mpl_assetcheck" behavior="0" />
      <RootComponent type="9" schemaName="mpl_allocationcheck" behavior="0" />
      <RootComponent type="9" schemaName="mpl_allocationstatus" behavior="0" />
      <RootComponent type="9" schemaName="mpl_approvalstatus" behavior="0" />
      <RootComponent type="29" id="{13e63fc3-4f8f-ed11-aad1-000d3a292a69}" behavior="0" />
      <RootComponent type="29" id="{46186eef-a78e-ed11-aad1-000d3a292a69}" behavior="0" />
      <RootComponent type="29" id="{6550f7d9-658f-ed11-aad1-000d3a292a69}" behavior="0" />
      <RootComponent type="29" id="{6c01deb5-538f-ed11-aad1-000d3a292a69}" behavior="0" />
      <RootComponent type="60" id="{5f1c25a5-628f-ed11-aad1-000d3a292a69}" behavior="0" />
      <RootComponent type="61" schemaName="mpl_AssetAllocation" behavior="0" />
      <RootComponent type="61" schemaName="mpl_asseticon" behavior="0" />
      <RootComponent type="61" schemaName="mpl_checkicon" behavior="0" />
      <RootComponent type="62" schemaName="mpl_AssetManagementApp" behavior="0" />
      <RootComponent type="80" schemaName="mpl_AssetManagementApp" behavior="0" />
      <RootComponent type="431" schemaName="contact mpl_profilepicture" behavior="0" />
    </RootComponents>
    <MissingDependencies>
      <MissingDependency>
        <Required type="60" displayName="Contacto" parentDisplayName="Contacto" solution="msdynce_AppCommon (9.0.4.0066)" id="{1fed44d1-ae68-4a41-bd2b-f13acac4acfa}">
          <package>msdynce_AppCommonAnchor (9.0.22112.10001)</package>
        </Required>
        <Dependent type="60" displayName="Contacto" parentDisplayName="Contacto" id="{1fed44d1-ae68-4a41-bd2b-f13acac4acfa}" />
      </MissingDependency>
      <MissingDependency>
        <Required type="60" displayName="Información" parentDisplayName="Contacto" solution="msdynce_AppCommon (9.0.4.0066)" id="{894cc46a-b0cb-4ab0-8bf6-200544e46a2d}">
          <package>msdynce_AppCommonAnchor (9.0.22112.10001)</package>
        </Required>
        <Dependent type="60" displayName="Información" parentDisplayName="Contacto" id="{894cc46a-b0cb-4ab0-8bf6-200544e46a2d}" />
      </MissingDependency>
      <MissingDependency>
        <Required type="61" schemaName="AppCommon/Contact/Contact_main_system_library.js" displayName="AppCommon/Contact/Contact_main_system_library.js" solution="msdynce_AppCommon (9.0.4.0066)">
          <package>msdynce_AppCommonAnchor (9.0.22112.10001)</package>
        </Required>
        <Dependent type="60" displayName="Contacto" parentDisplayName="Contacto" id="{1fed44d1-ae68-4a41-bd2b-f13acac4acfa}" />
      </MissingDependency>
      <MissingDependency>
        <Required type="61" schemaName="AppCommon/Contact/Contact_main_system_library.js" displayName="AppCommon/Contact/Contact_main_system_library.js" solution="msdynce_AppCommon (9.0.4.0066)">
          <package>msdynce_AppCommonAnchor (9.0.22112.10001)</package>
        </Required>
        <Dependent type="60" displayName="Información" parentDisplayName="Contacto" id="{894cc46a-b0cb-4ab0-8bf6-200544e46a2d}" />
      </MissingDependency>
      <MissingDependency>
        <Required type="61" schemaName="msdyn_/Images/AppModule_Default_Icon.png" displayName="msdyn_/Images/AppModule_Default_Icon.png" solution="AppModuleWebResources (2.5)" />
        <Dependent type="80" schemaName="mpl_AssetManagementApp" displayName="Asset Management App" />
      </MissingDependency>
      <MissingDependency>
        <Required type="66" schemaName="MscrmControls.CardFeedContainer.CardFeedContainer" displayName="MscrmControls.CardFeedContainer.CardFeedContainer" solution="BaseCustomControlsCore (9.0.2211.2010)" />
        <Dependent type="60" displayName="Contacto" parentDisplayName="Contacto" id="{1fed44d1-ae68-4a41-bd2b-f13acac4acfa}" />
      </MissingDependency>
      <MissingDependency>
        <Required type="66" schemaName="MscrmControls.FieldControls.ToggleControl" displayName="MscrmControls.FieldControls.ToggleControl" solution="BaseCustomControlsCore (9.0.2211.2010)" />
        <Dependent type="60" displayName="Asset Allocation main form" parentDisplayName="Asset Allocation" id="{886b855e-988e-ed11-aad1-000d3a292a69}" />
      </MissingDependency>
      <MissingDependency>
        <Required type="66" schemaName="MscrmControls.Rating.StarRatingControl" displayName="MscrmControls.Rating.StarRatingControl" solution="CustomControlsCore (9.2.22112.00192)" />
        <Dependent type="60" displayName="Asset Check main form" parentDisplayName="Asset Check" id="{86f317ed-958e-ed11-aad1-000d3a292a69}" />
      </MissingDependency>
    </MissingDependencies>
  </SolutionManifest>
</ImportExportXml>