{
  "properties": {
    "connectionReferences": {
      "shared_commondataserviceforapps": {
        "runtimeSource": "embedded",
        "connection": {
          "connectionReferenceLogicalName": "new_sharedcommondataserviceforapps_11ae4"
        },
        "api": {
          "name": "shared_commondataserviceforapps"
        }
      },
      "shared_approvals": {
        "runtimeSource": "invoker",
        "connection": {
          "connectionReferenceLogicalName": "mpl_sharedapprovals_bab41"
        },
        "api": {
          "name": "shared_approvals"
        }
      }
    },
    "definition": {
      "$schema": "https://schema.management.azure.com/providers/Microsoft.Logic/schemas/2016-06-01/workflowdefinition.json#",
      "contentVersion": "1.0.0.0",
      "parameters": {
        "$connections": {
          "defaultValue": {},
          "type": "Object"
        },
        "$authentication": {
          "defaultValue": {},
          "type": "SecureObject"
        }
      },
      "triggers": {
        "manual": {
          "splitOn": "@triggerBody()['rows']",
          "metadata": {
            "operationMetadataId": "940adb45-91eb-4092-a237-7b284ec2427b"
          },
          "type": "Request",
          "kind": "ApiConnection",
          "inputs": {
            "schema": {
              "type": "object",
              "properties": {
                "rows": {
                  "type": "array",
                  "items": {
                    "type": "object",
                    "properties": {
                      "entity": {
                        "type": "object",
                        "properties": {
                          "entity": {
                            "type": "object",
                            "properties": {
                              "BPFFlowStageEntityRecordId": {
                                "title": "BPF Flow Stage Table Row Id",
                                "type": "string"
                              }
                            },
                            "required": []
                          }
                        },
                        "required": []
                      }
                    },
                    "required": []
                  }
                }
              },
              "required": []
            },
            "host": {
              "connection": {
                "name": "@parameters('$connections')['shared_commondataserviceforapps']['connectionId']"
              }
            },
            "operationId": "FlowStepRun",
            "parameters": {}
          }
        }
      },
      "actions": {
        "Start_and_wait_for_an_approval": {
          "runAfter": {
            "Get_a_row_by_ID": [
              "Succeeded"
            ]
          },
          "metadata": {
            "operationMetadataId": "ce80f34d-3ae4-4ae2-9030-4b5dd75c9c63"
          },
          "type": "OpenApiConnectionWebhook",
          "inputs": {
            "host": {
              "connectionName": "shared_approvals",
              "operationId": "StartAndWaitForAnApproval",
              "apiId": "/providers/Microsoft.PowerApps/apis/shared_approvals"
            },
            "parameters": {
              "approvalType": "Basic",
              "WebhookApprovalCreationInput/title": "Asset Allocation Outside Policy",
              "WebhookApprovalCreationInput/assignedTo": "manuelportero@t8656.onmicrosoft.com;",
              "WebhookApprovalCreationInput/details": "@outputs('Get_a_row_by_ID')?['body/mpl_reason']",
              "WebhookApprovalCreationInput/enableNotifications": true,
              "WebhookApprovalCreationInput/enableReassignment": true
            },
            "authentication": {
              "type": "Raw",
              "value": "@json(decodeBase64(triggerOutputs().headers['X-MS-APIM-Tokens']))['$ConnectionKey']"
            }
          }
        },
        "Get_a_row_by_ID": {
          "runAfter": {},
          "metadata": {
            "operationMetadataId": "aa23a928-aecc-4292-97be-6f7ddc0aad28"
          },
          "type": "OpenApiConnection",
          "inputs": {
            "host": {
              "connectionName": "shared_commondataserviceforapps",
              "operationId": "GetItem",
              "apiId": "/providers/Microsoft.PowerApps/apis/shared_commondataserviceforapps"
            },
            "parameters": {
              "entityName": "mpl_assetallocations",
              "recordId": "@triggerBody()?['entity']?['entity']?['BPFFlowStageEntityRecordId']"
            },
            "authentication": {
              "type": "Raw",
              "value": "@json(decodeBase64(triggerOutputs().headers['X-MS-APIM-Tokens']))['$ConnectionKey']"
            }
          }
        },
        "Apply_to_each": {
          "foreach": "@outputs('Start_and_wait_for_an_approval')?['body/responses']",
          "actions": {
            "Condition": {
              "actions": {
                "Update_to_approved_": {
                  "runAfter": {},
                  "metadata": {
                    "operationMetadataId": "b8061a13-76a9-4dc4-92db-18583997e77e"
                  },
                  "type": "OpenApiConnection",
                  "inputs": {
                    "host": {
                      "connectionName": "shared_commondataserviceforapps",
                      "operationId": "UpdateRecord",
                      "apiId": "/providers/Microsoft.PowerApps/apis/shared_commondataserviceforapps"
                    },
                    "parameters": {
                      "entityName": "mpl_assetallocations",
                      "recordId": "@outputs('Get_a_row_by_ID')?['body/mpl_assetallocationid']",
                      "item/mpl_approvalstatus": 865530000
                    },
                    "authentication": {
                      "type": "Raw",
                      "value": "@json(decodeBase64(triggerOutputs().headers['X-MS-APIM-Tokens']))['$ConnectionKey']"
                    }
                  }
                }
              },
              "runAfter": {},
              "else": {
                "actions": {
                  "Update_to_rejected": {
                    "runAfter": {},
                    "metadata": {
                      "operationMetadataId": "ba224a02-28ad-45c9-9077-40cb0eeeebac"
                    },
                    "type": "OpenApiConnection",
                    "inputs": {
                      "host": {
                        "connectionName": "shared_commondataserviceforapps",
                        "operationId": "UpdateRecord",
                        "apiId": "/providers/Microsoft.PowerApps/apis/shared_commondataserviceforapps"
                      },
                      "parameters": {
                        "entityName": "mpl_assetallocations",
                        "recordId": "@outputs('Get_a_row_by_ID')?['body/mpl_assetallocationid']",
                        "item/mpl_approvalstatus": 865530001
                      },
                      "authentication": {
                        "type": "Raw",
                        "value": "@json(decodeBase64(triggerOutputs().headers['X-MS-APIM-Tokens']))['$ConnectionKey']"
                      }
                    }
                  }
                }
              },
              "expression": {
                "equals": [
                  "@items('Apply_to_each')?['approverResponse']",
                  "Approve"
                ]
              },
              "metadata": {
                "operationMetadataId": "3be73c5d-51b8-4c1f-905e-b98797b8e6c4"
              },
              "type": "If"
            }
          },
          "runAfter": {
            "Start_and_wait_for_an_approval": [
              "Succeeded"
            ]
          },
          "metadata": {
            "operationMetadataId": "f91826ef-7c43-41e1-9a93-8ccc55bbc9e0"
          },
          "type": "Foreach"
        }
      }
    },
    "templateName": null
  },
  "schemaVersion": "1.0.0.0"
}